ENTRY,NAME
1,CH-01
2,CH-02
3,CH-03
4,CH-04
5,GYT-05
6,GYT-06
7,GYT-07
8,GYT-08
9,GYT-09
10,GYT-10
11,GYT-11
12,GYT-12
13,GYT-13
14,GYT-14
15,GYT-15
16,GYT-16
17,GYT-17
18,GYT-18
19,GYT-19
20,GYT-20
21,GYT-21
22,GYT-22
23,GYT-23
24,GYT-24
25,GYT-25
26,GYT-26
27,GYT-27
28,GYT-28
29,GYT-29
30,GYT-30
31,GYT-31
32,GYT-32
33,GYT-33
34,GYT-34
35,GYT-35
36,GYT-36
37,GYT-37
38,GYT-38
39,GYT-39
40,GYT-40
41,GYT-41
42,GYT-42
43,GYT-43
44,GYT-44
45,GYT-45
46,GYT-46
47,GYT-47
48,GYT-48
49,GYT-49
50,GYT-50
51,GYT-51
52,GYT-52
53,GYT-53
54,GYT-54
