ENTRY,NAME
1,Gen-01
2,Gen-02
3,Gen-03
4,Gen-04
5,Gen-05
6,Gen-06
7,Gen-07
8,Gen-08
9,Gen-09
10,Gen-10
11,Gen-11
12,Gen-12
13,Gen-13
14,Gen-14
15,Gen-15
16,Gen-16
17,Gen-17
18,Gen-18
19,Gen-19
20,Gen-20
21,Gen-21
22,Gen-22
23,Gen-23
24,Gen-24
25,Gen-25
26,Gen-26
27,Gen-27
28,Gen-28
29,Gen-29
30,Gen-30
31,Gen-31
32,Gen-32
33,Gen-33
34,Gen-34
35,Gen-35
36,Gen-36
37,Gen-37
38,Gen-38
39,Gen-39
40,Gen-40
41,Gen-41
42,Gen-42
43,Gen-43
44,Gen-44
45,Gen-45
46,Gen-46
47,Gen-47
48,Gen-48
49,Gen-49
50,Gen-50
51,Gen-51
52,Gen-52
53,Gen-53
54,Gen-54
55,Gen-55
56,Gen-56
57,Gen-57
58,Gen-58
59,Gen-59
60,Gen-60
61,Gen-61
62,Gen-62
63,Gen-63
64,Gen-64
65,Gen-65
66,Gen-66
67,Gen-67
68,Gen-68
69,Gen-69
70,Gen-70
71,Gen-71
72,Gen-72
73,Gen-73
74,Gen-74
75,Gen-75
76,Gen-76
77,Gen-77
78,Gen-78
79,Gen-79
80,Gen-80